Item Code,Item Name,Cost,Price,Margin,Description,Department
CS-002,Widget B,6.50,11.99,5.49,Compact and efficient widget,Electronics
CP-003,Widget C,8.00,19.99,11.99,Advanced widget with multiple functions,Electronics
DS-004,Widget D,8.25,16.99,8.74,Durable and versatile widget,Electronics
CU-005,Widget E,11.00,22.99,11.99,Widget designed for ease of use,Electronics
GD-001,Widget A,12.50,24.99,12.49,High-quality widget for various uses,Electronics
ZZ-060,Widget Z1,13.99,26.99,13.00,Widget with touchscreen interface,Electronics
AAA-061,Widget AA1,14.25,28.99,14.74,Widget for professionals,Electronics
BBB-062,Widget BB1,10.99,21.99,11.00,Widget with voice recognition,Electronics
CCC-063,Widget CC1,12.75,25.99,13.24,High-performance widget,Electronics
DDD-064,Widget DD1,15.25,30.99,15.74,Widget with virtual reality support,Electronics
CP-065,Widget Mismatch A,11.50,22.99,11.49,Advanced widget with multiple functions,Electronics
DS-066,Widget Mismatch B,14.75,29.99,15.24,Durable and versatile widget,Electronics
ZZ-067,Widget Mismatch C,13.99,26.99,13.00,Widget with touchscreen interface,Electronics
AAA-068,Widget Mismatch D,14.25,28.99,14.74,Widget for professionals,Electronics
BBB-069,Widget Mismatch E,10.99,21.99,11.00,Widget with voice recognition,Electronics
XYZ-070,New Widget 1,16.99,34.99,18.00,Innovative widget for the future,Electronics
LMN-071,New Widget 2,12.49,24.99,12.50,Compact and sleek design widget,Electronics
OPQ-072,New Widget 3,15.75,31.99,16.24,Widget with cutting-edge technology,Electronics
RST-073,New Widget 4,11.25,22.99,11.74,Widget for modern professionals,Electronics
UVW-074,New Widget 5,14.99,29.99,15.00,Widget for creative minds,Electronics
